City_ID,City,Country,Date,Lat,Lng,Max Temp,Humidity,Cloudiness,Wind Speed
0,Leeton,AU,2021-03-30 17:16:31,-34.5667,146.4,10.0,93,0,1.81
1,Tiksi,RU,2021-03-30 17:16:32,71.6872,128.8694,-18.2,98,100,3.26
2,Basco,PH,2021-03-30 17:16:32,20.4487,121.9702,26.16,72,0,2.8
3,Sisimiut,GL,2021-03-30 17:15:19,66.9395,-53.6735,-0.14,79,100,6.83
4,Busselton,AU,2021-03-30 17:16:32,-33.65,115.3333,16.11,93,73,1.98
5,Mount Isa,AU,2021-03-30 17:16:33,-20.7333,139.5,25.0,29,21,4.12
6,San Patricio,US,2021-03-30 17:14:08,28.017,-97.5169,23.89,94,90,7.2
7,Qaanaaq,GL,2021-03-30 17:16:33,77.484,-69.3632,-17.7,71,51,2.4
8,Geraldton,AU,2021-03-30 17:16:33,-28.7667,114.6,23.0,88,19,3.6
9,Ahipara,NZ,2021-03-30 17:14:24,-35.1667,173.1667,18.29,95,48,2.21
10,Mataura,NZ,2021-03-30 17:16:34,-46.1927,168.8643,12.78,97,100,0.55
11,Puttur,IN,2021-03-30 17:16:34,12.7667,75.2167,29.0,79,20,2.06
12,Saint-Philippe,RE,2021-03-30 17:16:34,-21.3585,55.7679,26.0,78,40,1.54
13,Tommot,RU,2021-03-30 17:16:35,58.9564,126.2925,-16.48,98,42,1.02
14,Tosya,TR,2021-03-30 17:16:35,41.0155,34.0401,2.41,95,100,2.43
15,Howard Springs,AU,2021-03-30 17:16:35,-12.497,131.047,26.11,78,40,4.63
16,Hermanus,ZA,2021-03-30 17:16:36,-34.4187,19.2345,17.78,83,10,6.71
17,Saskylakh,RU,2021-03-30 17:16:36,71.9167,114.0833,-37.34,100,100,2.71
18,Hobart,AU,2021-03-30 17:15:01,-42.8794,147.3294,14.0,77,75,3.6
19,Scarborough,GB,2021-03-30 17:16:36,54.2797,-0.4044,18.89,56,5,0.45
20,Sola,VU,2021-03-30 17:16:37,-13.8833,167.55,27.34,77,85,4.72
21,Gat,IL,2021-03-30 17:16:37,31.61,34.7642,16.67,100,43,3.17
22,Westport,US,2021-03-30 17:13:08,41.1415,-73.3579,12.78,66,1,5.14
23,Irbeyskoye,RU,2021-03-30 17:16:37,55.6428,95.4522,-5.81,84,43,4.12
24,Avarua,CK,2021-03-30 17:16:38,-21.2078,-159.775,25.0,88,23,1.03
25,Luderitz,NA,2021-03-30 17:16:38,-26.6481,15.1594,19.56,71,0,5.01
26,Shelburne,CA,2021-03-30 17:16:38,44.0787,-80.2041,18.0,25,1,10.29
27,Lagoa,PT,2021-03-30 17:16:39,39.05,-27.9833,14.17,79,97,5.31
28,Haradok,BY,2021-03-30 17:16:39,55.4624,29.9816,7.0,93,90,5.0
29,Toora-Khem,RU,2021-03-30 17:16:39,52.4675,96.11,-7.58,98,92,1.19
30,Kondinskoye,RU,2021-03-30 17:16:40,59.6481,67.41,0.82,93,97,4.13
31,Sinnamary,GF,2021-03-30 17:16:40,5.3833,-52.95,27.14,80,69,5.83
32,Caravelas,BR,2021-03-30 17:16:40,-17.7125,-39.2481,29.86,53,0,4.83
33,Bredasdorp,ZA,2021-03-30 17:16:40,-34.5322,20.0403,18.0,72,5,6.17
34,Deputatskiy,RU,2021-03-30 17:16:41,69.3,139.9,-24.51,96,53,1.39
35,Albany,US,2021-03-30 17:12:26,42.6001,-73.9662,15.0,27,9,4.81
36,Tuktoyaktuk,CA,2021-03-30 17:16:41,69.4541,-133.0374,-28.0,76,20,6.69
37,Codrington,AU,2021-03-30 17:16:41,-38.2667,141.9667,12.9,94,60,1.47
38,Port Alfred,ZA,2021-03-30 17:16:42,-33.5906,26.891,22.24,84,74,8.87
39,San Cristobal,VE,2021-03-30 17:14:56,7.7669,-72.225,29.0,54,40,13.38
40,Olavarria,AR,2021-03-30 17:16:42,-36.8927,-60.3225,20.56,68,0,0.45
41,Kenai,US,2021-03-30 17:16:42,60.5544,-151.2583,2.0,80,40,2.57
42,Berlevag,NO,2021-03-30 17:16:43,70.8578,29.0864,3.0,81,75,8.75
43,Puerto Del Rosario,ES,2021-03-30 17:16:43,28.5004,-13.8627,21.0,68,20,2.57
44,Uige,AO,2021-03-30 17:16:43,-7.6087,15.0613,21.46,83,58,1.63
45,Upernavik,GL,2021-03-30 17:16:43,72.7868,-56.1549,-8.44,70,100,3.93
46,Iqaluit,CA,2021-03-30 17:16:44,63.7506,-68.5145,-20.0,71,40,13.89
47,Rikitea,PF,2021-03-30 17:16:44,-23.1203,-134.9692,26.01,72,8,7.62
48,Nikolskoye,RU,2021-03-30 17:16:44,59.7035,30.7861,8.0,87,90,4.0
49,Hun,LY,2021-03-30 17:16:45,29.1268,15.9477,20.62,19,4,5.14
50,Ushuaia,AR,2021-03-30 17:16:45,-54.8,-68.3,8.0,61,40,10.29
51,Sao Filipe,CV,2021-03-30 17:15:32,14.8961,-24.4956,21.09,76,2,4.82
52,Punta Arenas,CL,2021-03-30 17:14:10,-53.15,-70.9167,12.0,40,0,8.23
53,Grenfell,AU,2021-03-30 17:16:45,-33.9,148.1667,12.79,65,0,1.97
54,Half Moon Bay,US,2021-03-30 17:16:21,37.4636,-122.4286,17.78,22,1,2.57
55,Houma,US,2021-03-30 17:16:46,29.5958,-90.7195,26.11,88,90,4.63
56,Grande-Synthe,FR,2021-03-30 17:16:46,51.0154,2.2998,21.11,35,1,2.06
57,Kapaa,US,2021-03-30 17:14:44,22.0752,-159.319,23.0,88,75,5.66
58,Kafue,ZM,2021-03-30 17:16:47,-15.7691,28.1814,22.0,56,20,4.63
59,Pangoa,PE,2021-03-30 17:16:47,-12.1167,-73.0,28.6,58,91,1.59
60,Yasothon,TH,2021-03-30 17:13:17,15.75,104.1333,31.11,60,100,1.35
61,Souillac,MU,2021-03-30 17:16:47,-20.5167,57.5167,24.0,94,40,3.6
62,Nueva Guinea,NI,2021-03-30 17:16:48,11.6876,-84.4562,30.12,55,64,7.88
63,Sao Joao Da Barra,BR,2021-03-30 17:16:48,-21.6403,-41.0511,31.0,62,0,4.12
64,Kodiak,US,2021-03-30 17:16:48,57.79,-152.4072,1.0,86,1,2.06
65,Barra Patuca,HN,2021-03-30 17:16:49,15.8,-84.2833,28.96,61,5,5.39
66,Grand-Santi,GF,2021-03-30 17:16:49,4.25,-54.3833,27.18,81,93,1.9
67,Pisco,PE,2021-03-30 17:16:49,-13.7,-76.2167,25.0,57,40,7.72
68,Mahanoro,MG,2021-03-30 17:16:50,-19.9,48.8,24.23,86,39,1.81
69,Puerto Ayora,EC,2021-03-30 17:16:50,-0.7393,-90.3518,28.0,74,20,4.12
70,Vaini,TO,2021-03-30 17:16:50,-21.2,-175.2,26.0,94,20,2.57
71,Inhambane,MZ,2021-03-30 17:16:50,-23.865,35.3833,23.89,68,20,3.2
72,Cape Town,ZA,2021-03-30 17:12:46,-33.9258,18.4232,20.56,64,0,7.2
73,Gusau,NG,2021-03-30 17:16:51,12.1628,6.6614,34.39,9,2,5.53
74,Chuy,UY,2021-03-30 17:16:51,-33.6971,-53.4616,22.03,55,79,5.61
75,Dubti,ET,2021-03-30 17:16:52,11.7361,41.0853,34.16,18,45,4.58
76,Jamestown,US,2021-03-30 17:15:42,42.097,-79.2353,17.78,27,1,5.66
77,New Norfolk,AU,2021-03-30 17:16:52,-42.7826,147.0587,13.33,70,83,1.37
78,Dongsheng,CN,2021-03-30 17:16:52,39.8161,109.9776,9.3,37,100,5.05
79,Walvis Bay,NA,2021-03-30 17:16:52,-22.9575,14.5053,21.0,64,13,2.57
80,Hilo,US,2021-03-30 17:16:53,19.7297,-155.09,21.0,83,90,2.06
81,East London,ZA,2021-03-30 17:14:03,-33.0153,27.9116,22.0,88,0,5.66
82,Anchorage,US,2021-03-30 17:16:53,61.2181,-149.9003,2.0,64,90,2.57
83,Airai,TL,2021-03-30 17:16:53,-8.9266,125.4092,15.39,98,100,0.67
84,Sorland,NO,2021-03-30 17:16:54,67.667,12.6934,6.0,70,20,9.26
85,Bethel,US,2021-03-30 17:16:54,41.3712,-73.414,14.0,33,1,5.14
86,Butaritari,KI,2021-03-30 17:16:55,3.0707,172.7902,27.9,73,69,8.78
87,Severo-Kurilsk,RU,2021-03-30 17:16:55,50.6789,156.125,1.23,92,100,3.19
88,Thompson,CA,2021-03-30 17:16:55,55.7435,-97.8558,-15.0,51,75,7.2
89,Katherine,AU,2021-03-30 17:16:56,-14.4667,132.2667,24.0,78,67,2.06
90,Atar,MR,2021-03-30 17:16:56,20.5169,-13.0499,38.1,9,10,4.75
91,Yulara,AU,2021-03-30 17:16:56,-25.2406,130.9889,20.0,34,0,4.12
92,Vardo,NO,2021-03-30 17:16:57,70.3705,31.1107,2.0,87,75,6.17
93,Tura,IN,2021-03-30 17:16:57,25.5198,90.2201,19.83,66,24,2.84
94,Castro,BR,2021-03-30 17:16:57,-24.7911,-50.0119,17.67,95,99,4.06
95,Cabo San Lucas,MX,2021-03-30 17:14:09,22.8909,-109.9124,27.22,41,1,1.89
96,Victor Harbor,AU,2021-03-30 17:16:30,-35.5667,138.6167,18.89,66,28,2.26
97,Akureyri,IS,2021-03-30 17:16:58,65.6835,-18.0878,3.0,52,20,5.66
98,Skjold,DK,2021-03-30 17:16:58,55.7971,9.9397,13.89,76,75,6.0
99,Tsiroanomandidy,MG,2021-03-30 17:16:58,-18.7667,46.0333,20.1,86,77,0.73
100,Phalaborwa,ZA,2021-03-30 17:16:59,-23.943,31.1411,22.0,64,29,1.54
101,Turkistan,KZ,2021-03-30 17:16:59,43.0,68.0,8.56,48,26,2.96
102,Tuatapere,NZ,2021-03-30 17:16:59,-46.1333,167.6833,12.78,97,95,0.91
103,Havelock,US,2021-03-30 17:15:13,34.8791,-76.9013,21.11,52,40,4.12
104,Samsun,TR,2021-03-30 17:17:00,41.25,36.3333,10.0,87,75,6.17
105,Nanortalik,GL,2021-03-30 17:17:00,60.1432,-45.2371,1.7,96,100,13.01
106,Margate,GB,2021-03-30 17:17:00,51.3813,1.3862,17.22,46,0,1.96
107,Bluff,NZ,2021-03-30 17:17:00,-46.6,168.3333,12.78,97,97,1.85
108,Saldanha,ZA,2021-03-30 17:17:01,-33.0117,17.9442,19.0,72,30,3.6
109,Lebu,CL,2021-03-30 17:17:01,-37.6167,-73.65,16.99,74,49,5.3
110,Bambous Virieux,MU,2021-03-30 17:17:02,-20.3428,57.7575,25.56,94,40,3.6
111,Nhulunbuy,AU,2021-03-30 17:17:02,-12.2333,136.7667,25.0,94,75,4.63
112,Tasiilaq,GL,2021-03-30 17:17:02,65.6145,-37.6368,-4.0,50,75,1.54
113,High Level,CA,2021-03-30 17:12:26,58.5169,-117.136,-17.0,92,40,1.03
114,Ponta Do Sol,PT,2021-03-30 17:17:03,32.6667,-17.1,16.67,71,0,0.89
115,Bodden Town,KY,2021-03-30 17:17:03,19.2833,-81.25,31.0,55,20,6.69
116,Adrar,MR,2021-03-30 17:17:03,20.5022,-10.0711,37.25,5,91,4.32
117,Vredendal,ZA,2021-03-30 17:17:03,-31.6683,18.5012,18.62,68,6,4.06
118,Hithadhoo,MV,2021-03-30 17:17:04,-0.6,73.0833,28.88,74,68,7.86
119,Odweyne,SO,2021-03-30 17:15:06,9.4092,45.064,25.44,42,23,7.14
120,Vila Franca Do Campo,PT,2021-03-30 17:17:04,37.7167,-25.4333,16.0,72,20,6.17
121,Beloha,MG,2021-03-30 17:17:04,-25.1667,45.05,21.5,64,98,3.49
122,Kenora,CA,2021-03-30 17:17:05,49.8167,-94.4337,-9.0,62,90,10.29
123,Tulun,RU,2021-03-30 17:17:05,54.5611,100.5792,-8.92,87,82,1.76
124,Qaqortoq,GL,2021-03-30 17:17:05,60.7167,-46.0333,7.0,33,75,5.66
125,Dikson,RU,2021-03-30 17:17:06,73.5069,80.5464,-33.05,96,5,1.87
126,Shubarkuduk,KZ,2021-03-30 17:17:06,49.1447,56.4872,-9.54,97,13,2.94
127,Antofagasta,CL,2021-03-30 17:14:41,-23.65,-70.4,22.22,68,20,7.2
128,Mahebourg,MU,2021-03-30 17:17:06,-20.4081,57.7,24.0,94,40,3.6
129,Itoman,JP,2021-03-30 17:17:07,26.1247,127.6694,22.0,88,40,1.54
130,Narsaq,GL,2021-03-30 17:17:07,60.9167,-46.05,7.0,33,75,5.66
131,Srednekolymsk,RU,2021-03-30 17:17:07,67.45,153.6833,-24.35,100,31,2.35
132,Longyearbyen,SJ,2021-03-30 17:12:50,78.2186,15.6401,-3.0,68,75,5.14
133,Barrow,US,2021-03-30 17:17:08,71.2906,-156.7887,-22.0,64,90,11.83
134,Brae,GB,2021-03-30 17:17:08,60.3964,-1.353,7.0,93,75,4.63
135,Marsciano,IT,2021-03-30 17:17:08,42.9059,12.3359,20.0,37,10,5.66
136,Rodrigues Alves,BR,2021-03-30 17:17:08,-7.738,-72.6509,28.0,78,75,2.57
137,Kieta,PG,2021-03-30 17:17:09,-6.2167,155.6333,25.68,84,78,0.82
138,Port Macquarie,AU,2021-03-30 17:17:09,-31.4333,152.9167,16.67,81,94,0.89
139,Muros,ES,2021-03-30 17:17:10,42.7762,-9.0603,22.22,63,82,0.45
140,Roswell,US,2021-03-30 17:17:10,34.0232,-84.3616,21.11,59,90,3.6
141,Mar Del Plata,AR,2021-03-30 17:17:10,-38.0023,-57.5575,17.22,77,20,3.6
142,Anadyr,RU,2021-03-30 17:17:10,64.75,177.4833,-20.0,84,30,8.0
143,Kaitangata,NZ,2021-03-30 17:17:11,-46.2817,169.8464,12.11,97,100,1.89
144,Evensk,RU,2021-03-30 17:17:11,61.95,159.2333,-9.01,67,100,5.23
145,Manicore,BR,2021-03-30 17:17:11,-5.8092,-61.3003,28.65,81,86,1.61
146,Saint George,US,2021-03-30 17:17:12,37.1041,-113.5841,11.11,17,1,2.57
147,Gillette,US,2021-03-30 17:16:19,44.2911,-105.5022,-2.0,34,20,8.75
148,Tomatlan,MX,2021-03-30 17:17:12,19.9333,-105.25,33.13,17,19,2.9
149,Matara,LK,2021-03-30 17:17:12,5.9485,80.5353,25.9,89,38,2.65
150,Khatanga,RU,2021-03-30 17:13:40,71.9667,102.5,-34.47,99,11,3.87
151,Georgetown,MY,2021-03-30 17:17:13,5.4112,100.3354,28.89,83,20,0.86
152,Port Lincoln,AU,2021-03-30 17:17:13,-34.7333,135.8667,18.4,77,52,3.14
153,Zhangjiakou,CN,2021-03-30 17:17:13,40.81,114.8794,10.84,37,3,2.26
154,Tabou,CI,2021-03-30 17:17:14,4.423,-7.3528,28.25,71,24,3.34
155,Boyolangu,ID,2021-03-30 17:17:14,-8.1181,111.8935,24.63,92,100,1.0
156,Puerto Leguizamo,CO,2021-03-30 17:17:14,-0.1934,-74.7819,22.07,99,100,0.84
157,Frankfort,ZA,2021-03-30 17:12:55,-27.2667,28.4833,17.34,49,65,1.83
158,Cidreira,BR,2021-03-30 17:17:15,-30.1811,-50.2056,22.0,74,92,4.48
159,Turukhansk,RU,2021-03-30 17:15:37,65.8167,87.9833,-27.76,99,95,2.02
160,Cowansville,CA,2021-03-30 17:15:16,45.2001,-72.7491,13.33,26,38,3.09
161,Hambantota,LK,2021-03-30 17:17:15,6.1241,81.1185,27.08,81,64,3.93
162,Zyryanovsk,KZ,2021-03-30 17:17:16,49.7386,84.2719,-10.49,94,98,0.43
163,Taltal,CL,2021-03-30 17:17:16,-25.4,-70.4833,20.86,67,1,4.44
164,Chokurdakh,RU,2021-03-30 17:17:16,70.6333,147.9167,-25.67,100,86,1.33
165,Sur,OM,2021-03-30 17:17:17,22.5667,59.5289,27.82,46,6,0.41
166,Zhuanghe,CN,2021-03-30 17:17:17,39.7008,122.9911,5.0,83,72,1.7
167,Cairns,AU,2021-03-30 17:17:17,-16.9167,145.7667,26.0,69,75,6.69
168,Alyangula,AU,2021-03-30 17:17:17,-13.8483,136.4192,26.75,73,51,4.58
169,Alofi,NU,2021-03-30 17:17:18,-19.0595,-169.9187,26.0,94,40,3.6
170,Torbay,CA,2021-03-30 17:13:53,47.6666,-52.7314,0.0,64,75,12.86
171,Hakui,JP,2021-03-30 17:17:18,36.8833,136.7833,7.78,51,1,0.54
172,Poum,NC,2021-03-30 17:17:18,-20.2333,164.0167,26.22,73,99,7.9
173,Rosetta,EG,2021-03-30 17:17:19,31.4044,30.4164,18.0,45,40,6.17
174,Mbandaka,CD,2021-03-30 17:17:19,0.0487,18.2603,26.95,69,30,2.21
175,Garowe,SO,2021-03-30 17:17:19,8.4054,48.4845,27.56,26,100,7.82
176,Lakatoro,VU,2021-03-30 17:17:20,-16.0999,167.4164,26.28,85,95,4.0
177,Yellowknife,CA,2021-03-30 17:12:58,62.456,-114.3525,-17.22,71,75,4.12
178,Zaraza,VE,2021-03-30 17:17:20,9.3503,-65.3245,35.75,30,99,5.03
179,Ribeira Grande,PT,2021-03-30 17:17:20,38.5167,-28.7,15.0,77,75,8.23
180,Pafos,CY,2021-03-30 17:17:21,34.7667,32.4167,15.0,72,20,3.6
181,Ilulissat,GL,2021-03-30 17:17:21,69.2167,-51.1,1.0,47,75,5.14
182,Totness,SR,2021-03-30 17:17:21,5.8833,-56.3167,27.64,74,89,6.5
183,Tazovskiy,RU,2021-03-30 17:17:22,67.4667,78.7,-30.7,96,5,3.04
184,Lugoba,TZ,2021-03-30 17:17:22,-6.45,38.3333,23.75,86,100,1.84
185,Swanton,US,2021-03-30 17:17:22,41.5887,-83.8911,19.0,30,1,10.8
186,Camana,PE,2021-03-30 17:17:22,-16.6228,-72.7111,23.14,72,98,4.79
187,Norfolk,US,2021-03-30 17:17:23,42.1668,-71.2495,15.0,24,1,3.6
188,Zambezi,ZM,2021-03-30 17:17:23,-13.5432,23.1047,18.51,90,49,2.71
189,Parrita,CR,2021-03-30 17:14:31,9.5201,-84.3225,28.0,47,40,9.26
190,Meulaboh,ID,2021-03-30 17:15:39,4.1363,96.1285,24.26,89,100,2.02
191,Urdoma,RU,2021-03-30 17:17:24,61.7533,48.5442,0.84,96,100,6.65
192,Provideniya,RU,2021-03-30 17:17:24,64.3833,-173.3,-15.99,89,100,2.95
193,Mildura,AU,2021-03-30 17:17:24,-34.2,142.15,12.0,66,1,2.57
194,Pacifica,US,2021-03-30 17:17:24,37.6138,-122.4869,17.0,36,1,1.54
195,Roma,US,2021-03-30 17:17:25,43.2128,-75.4557,17.22,29,1,6.69
196,Carnarvon,AU,2021-03-30 17:17:25,-24.8667,113.6333,26.0,83,40,6.69
197,Balkanabat,TM,2021-03-30 17:17:25,39.5108,54.3671,14.18,37,30,3.22
198,Hofn,IS,2021-03-30 17:17:26,64.2539,-15.2082,1.57,51,2,1.81
199,Fortuna,US,2021-03-30 17:17:26,40.5982,-124.1573,10.56,81,1,3.0
200,Atuona,PF,2021-03-30 17:17:26,-9.8,-139.0333,27.22,71,96,9.34
201,Cayenne,GF,2021-03-30 17:17:27,4.9333,-52.3333,30.0,70,75,6.69
202,Aksu,CN,2021-03-30 17:17:27,41.1231,80.2644,10.52,31,15,1.26
203,Gazojak,TM,2021-03-30 17:17:27,41.1875,61.4036,12.48,34,61,3.23
204,Muborak,UZ,2021-03-30 17:15:11,39.2553,65.1528,10.71,44,0,5.2
205,Paamiut,GL,2021-03-30 17:17:28,61.994,-49.6678,2.02,85,100,23.06
206,Porto Novo,BJ,2021-03-30 17:17:28,6.4965,2.6036,30.0,74,20,6.17
207,Dillon,US,2021-03-30 17:17:28,34.4166,-79.3712,21.67,43,75,3.47
208,Matay,EG,2021-03-30 17:17:28,28.419,30.7792,18.59,28,14,4.75
209,Rundu,NA,2021-03-30 17:17:29,-17.9333,19.7667,22.54,52,99,1.27
210,Prizren,XK,2021-03-30 17:17:03,42.2139,20.7397,12.0,54,40,3.6
211,Banjarmasin,ID,2021-03-30 17:17:29,-3.3244,114.591,24.45,90,81,1.06
212,Dingle,PH,2021-03-30 17:17:29,10.9995,122.6711,24.94,84,100,2.21
213,Katsuura,JP,2021-03-30 17:17:30,35.1333,140.3,16.67,92,98,4.46
214,Naberera,TZ,2021-03-30 17:17:30,-4.2,36.9333,17.89,90,46,3.17
215,Chumikan,RU,2021-03-30 17:17:30,54.7183,135.315,-4.62,96,100,0.28
216,Kungurtug,RU,2021-03-30 17:17:31,50.5994,97.5228,-7.01,90,72,1.49
217,Hasaki,JP,2021-03-30 17:14:30,35.7333,140.8333,15.0,77,75,3.6
218,Amga,RU,2021-03-30 17:17:31,60.8953,131.9608,-20.07,100,87,0.79
219,Pacific Grove,US,2021-03-30 17:17:31,36.6177,-121.9166,20.0,22,1,3.6
220,Laguna,US,2021-03-30 17:16:46,38.421,-121.4238,17.0,19,1,8.75
221,Barentu,ER,2021-03-30 17:17:32,15.1139,37.5928,25.0,50,77,1.67
222,Praia Da Vitoria,PT,2021-03-30 17:17:32,38.7333,-27.0667,18.0,77,40,4.11
223,Komsomolskiy,UZ,2021-03-30 17:17:32,40.4272,71.7189,7.0,57,90,0.86
224,Magadan,RU,2021-03-30 17:14:16,59.5667,150.8,-6.8,88,100,11.89
225,Koroni,GR,2021-03-30 17:17:33,36.8,21.95,14.44,67,40,2.57
226,Biltine,TD,2021-03-30 17:17:33,14.5333,20.9167,29.17,8,2,5.16
227,Sitka,US,2021-03-30 17:14:00,57.0531,-135.33,5.0,93,90,5.66
228,Goba,ET,2021-03-30 17:17:33,7.0167,39.9833,11.83,71,61,1.87
229,Lalibela,ET,2021-03-30 17:17:34,12.0333,39.0333,20.92,32,83,5.06
230,Arboledas,CO,2021-03-30 17:17:34,7.6423,-72.7994,29.0,54,40,13.38
231,Strezhevoy,RU,2021-03-30 17:17:34,60.7333,77.5889,-11.0,85,20,4.0
232,Pechenga,RU,2021-03-30 17:17:35,69.5259,31.1703,1.0,93,90,5.14
233,Vestmanna,FO,2021-03-30 17:17:35,62.1564,-7.1664,3.0,93,75,4.63
234,Grand Gaube,MU,2021-03-30 17:17:35,-20.0064,57.6608,25.56,75,58,1.79
235,Logansport,US,2021-03-30 17:17:36,40.7545,-86.3567,18.0,39,1,12.35
236,Santa Vitoria Do Palmar,BR,2021-03-30 17:17:36,-33.5189,-53.3681,22.3,54,46,5.7
237,Arcata,US,2021-03-30 17:17:36,40.8665,-124.0828,10.56,61,1,2.06
238,Mamburao,PH,2021-03-30 17:17:37,13.25,120.6667,25.09,78,100,1.51
239,Touros,BR,2021-03-30 17:17:37,-5.1989,-35.4608,30.0,62,40,5.66
240,Denpasar,ID,2021-03-30 17:17:37,-8.65,115.2167,27.0,94,75,3.6
241,Plouzane,FR,2021-03-30 17:17:38,48.3833,-4.6167,20.0,42,0,5.14
242,Medeiros Neto,BR,2021-03-30 17:17:20,-17.3739,-40.2206,35.61,27,2,1.53
243,Uvelskiy,RU,2021-03-30 17:17:38,54.4446,61.3574,-9.94,93,14,3.17
244,Fengcheng,CN,2021-03-30 17:17:38,40.4536,124.0717,7.3,41,88,0.98
245,Tessalit,ML,2021-03-30 17:17:39,20.1986,1.0114,32.71,3,9,4.53
246,Charagua,BO,2021-03-30 17:17:39,-19.8,-63.2167,25.0,53,75,1.44
247,Mackay,AU,2021-03-30 17:17:39,-21.15,149.2,23.0,83,75,6.69
248,Cordoba,AR,2021-03-30 17:12:55,-31.4135,-64.1811,26.67,50,20,5.14
249,Sayat,TM,2021-03-30 17:17:40,38.7839,63.8803,11.0,54,0,3.09
250,Verkhoyansk,RU,2021-03-30 17:17:40,67.5447,133.385,-23.26,100,95,0.57
251,Neyshabur,IR,2021-03-30 17:17:40,36.2133,58.7958,9.86,32,1,2.71
252,Athabasca,CA,2021-03-30 17:17:40,54.7169,-113.2854,-8.0,57,50,1.03
253,Kaeo,NZ,2021-03-30 17:17:41,-35.1,173.7833,19.44,96,62,3.13
254,Byron Bay,AU,2021-03-30 17:17:41,-28.65,153.6167,19.0,88,75,7.72
255,Lorengau,PG,2021-03-30 17:17:41,-2.0226,147.2712,26.4,81,88,0.84
256,Kummersbruck,DE,2021-03-30 17:17:42,49.4192,11.8883,20.0,26,1,0.36
257,Marrakesh,MA,2021-03-30 17:15:33,31.6315,-8.0083,28.0,26,0,2.57
258,Haapiti,PF,2021-03-30 17:17:42,-17.5667,-149.8667,26.0,78,40,1.03
259,Jubbal,IN,2021-03-30 17:17:43,31.1167,77.6667,11.8,31,56,0.59
260,Manado,ID,2021-03-30 17:17:43,1.487,124.8455,24.0,94,40,1.03
261,Henties Bay,NA,2021-03-30 17:17:43,-22.116,14.2845,16.67,89,5,2.24
262,Arraial Do Cabo,BR,2021-03-30 17:17:43,-22.9661,-42.0278,34.0,70,0,7.2
263,Sao Jose Da Coroa Grande,BR,2021-03-30 17:17:44,-8.8978,-35.1478,28.76,70,78,4.57
264,Coihaique,CL,2021-03-30 17:17:44,-45.5752,-72.0662,23.0,46,20,2.06
265,Ambilobe,MG,2021-03-30 17:17:44,-13.2,49.05,24.61,92,100,0.87
266,Saint-Augustin,CA,2021-03-30 17:17:45,51.226,-58.6502,-6.42,71,5,8.69
267,Burnie,AU,2021-03-30 17:17:45,-41.0667,145.9167,13.22,80,66,2.44
268,Nouakchott,MR,2021-03-30 17:17:45,18.0858,-15.9785,23.0,64,11,10.8
269,Esperance,AU,2021-03-30 17:17:46,-33.8667,121.9,20.0,77,26,4.63
270,Revelstoke,CA,2021-03-30 17:17:46,50.9832,-118.2023,2.0,48,1,0.24
271,Talara,PE,2021-03-30 17:17:46,-4.5772,-81.2719,31.0,51,0,4.12
272,Manokwari,ID,2021-03-30 17:17:47,-0.8667,134.0833,25.63,79,100,1.24
273,Freeport,US,2021-03-30 17:15:19,40.6576,-73.5832,13.89,54,1,7.72
274,Aklavik,CA,2021-03-30 17:14:25,68.2191,-135.0107,-20.0,77,90,2.57
275,Arak,IR,2021-03-30 17:17:47,34.0917,49.6892,10.52,26,0,2.1
276,Victoria,HK,2021-03-30 17:15:53,22.2855,114.1577,26.11,86,26,3.19
277,Klaksvik,FO,2021-03-30 17:15:22,62.2266,-6.589,3.0,93,75,4.63
278,Seredka,RU,2021-03-30 17:17:48,58.1584,28.1858,9.0,93,90,4.0
279,Sunbury,AU,2021-03-30 17:17:48,-37.5833,144.7333,13.89,88,75,2.06
280,Isangel,VU,2021-03-30 17:13:37,-19.55,169.2667,25.47,88,60,3.37
281,Yishui,CN,2021-03-30 17:17:48,35.7847,118.6281,9.23,34,91,1.35
282,Onega,RU,2021-03-30 17:17:49,63.9061,38.1404,3.22,88,77,5.49
283,Road Town,VG,2021-03-30 17:17:49,18.4167,-64.6167,28.0,74,75,7.72
284,Simav,TR,2021-03-30 17:17:49,39.0882,28.9777,2.0,86,100,5.4
285,Ixtapa,MX,2021-03-30 17:17:49,20.7,-105.2,27.0,47,1,2.57
286,Port Elizabeth,ZA,2021-03-30 17:17:50,-33.918,25.5701,16.0,94,75,11.32
287,Diffa,NE,2021-03-30 17:17:50,13.3154,12.6113,29.26,6,5,4.72
288,Ginir,ET,2021-03-30 17:17:50,7.1333,40.7,19.6,44,98,1.85
289,Pevek,RU,2021-03-30 17:17:51,69.7008,170.3133,-25.67,99,99,3.75
290,Clyde River,CA,2021-03-30 17:14:45,70.4692,-68.5914,-19.0,84,90,18.52
291,Kepala Batas,MY,2021-03-30 17:17:51,5.5171,100.4265,28.89,83,20,0.78
292,North Branch,US,2021-03-30 17:17:51,45.5113,-92.9802,2.78,55,100,8.05
293,Mokrousovo,RU,2021-03-30 17:17:52,55.8103,66.7653,-10.94,96,61,3.02
294,Faanui,PF,2021-03-30 17:17:52,-16.4833,-151.75,27.4,73,40,2.96
295,Bonavista,CA,2021-03-30 17:17:52,48.6499,-53.1147,0.0,43,100,6.17
296,Vao,NC,2021-03-30 17:17:53,-22.6667,167.4833,24.89,76,100,6.3
297,Kingaroy,AU,2021-03-30 17:17:53,-26.5333,151.8333,17.0,94,90,2.57
298,Itarema,BR,2021-03-30 17:17:53,-2.9248,-39.9167,27.96,74,85,4.44
299,Lugovoy,KZ,2021-03-30 17:17:53,42.9472,72.7644,1.75,96,100,1.95
300,Yar-Sale,RU,2021-03-30 17:17:54,66.8333,70.8333,-22.51,90,93,4.36
301,Opatija,HR,2021-03-30 17:17:54,45.3392,14.3083,19.0,42,0,1.54
302,Miri,MY,2021-03-30 17:17:54,4.4148,114.0089,26.0,94,40,1.03
303,Vila Velha,BR,2021-03-30 17:17:55,-20.3297,-40.2925,31.67,62,20,6.17
304,Shumyachi,RU,2021-03-30 17:17:55,53.8583,32.4242,6.08,85,100,6.06
305,Ostersund,SE,2021-03-30 17:16:44,63.1792,14.6357,4.44,70,0,5.66
306,Nantucket,US,2021-03-30 17:17:55,41.2835,-70.0995,8.0,71,1,3.6
307,Quatre Cocos,MU,2021-03-30 17:17:56,-20.2078,57.7625,25.56,94,40,3.6
308,Cabedelo,BR,2021-03-30 17:17:56,-6.9811,-34.8339,30.0,74,75,4.63
309,Artyom,AZ,2021-03-30 17:17:56,40.4723,50.333,9.0,87,0,3.09
310,Ancud,CL,2021-03-30 17:14:13,-41.8697,-73.8203,20.0,68,75,3.09
311,Nalut,LY,2021-03-30 17:17:57,30.3333,10.85,23.33,13,98,3.23
312,Auki,SB,2021-03-30 17:17:57,-8.7676,160.7034,25.39,87,93,1.59
313,Kerema,PG,2021-03-30 17:17:57,-7.9631,145.7785,25.07,86,100,3.56
314,Cap Malheureux,MU,2021-03-30 17:17:58,-19.9842,57.6142,25.56,75,59,1.79
315,Santa Rosa,PH,2021-03-30 17:17:58,14.3122,121.1114,28.0,74,20,3.6
316,Ussel,FR,2021-03-30 17:17:58,45.55,2.3167,21.67,14,0,1.79
317,Bull Savanna,JM,2021-03-30 17:14:02,17.8868,-77.5902,29.77,51,0,8.37
318,Mogadishu,SO,2021-03-30 17:14:39,2.0371,45.3438,27.31,74,2,7.25
319,Bafia,CM,2021-03-30 17:17:59,4.75,11.2333,28.61,36,81,2.51
320,Wattegama,LK,2021-03-30 17:17:59,6.7989,81.4808,24.37,88,59,0.94
321,Arlit,NE,2021-03-30 17:13:34,18.7369,7.3853,31.0,4,0,1.62
322,Katobu,ID,2021-03-30 17:17:59,-4.9408,122.5276,23.85,92,91,0.48
323,Tignere,CM,2021-03-30 17:18:00,7.3667,12.65,26.97,17,58,2.05
324,Bolong,PH,2021-03-30 17:18:00,7.0983,122.2392,24.86,85,100,1.64
325,Popondetta,PG,2021-03-30 17:18:00,-8.7537,148.2534,23.57,90,99,1.24
326,Niamey,NE,2021-03-30 17:18:01,13.5137,2.1098,36.0,5,5,6.17
327,Necochea,AR,2021-03-30 17:18:01,-38.5473,-58.7368,20.0,67,0,3.13
328,Finschhafen,PG,2021-03-30 17:18:01,-6.6024,147.8681,26.29,78,99,2.34
329,Andapa,MG,2021-03-30 17:18:01,-14.65,49.65,22.1,99,100,0.63
330,Norman Wells,CA,2021-03-30 17:18:02,65.282,-126.8329,-15.0,78,90,2.57
331,Constitucion,CL,2021-03-30 17:18:02,-35.3333,-72.4167,18.19,67,3,4.13
332,Mount Gambier,AU,2021-03-30 17:18:03,-37.8333,140.7667,11.0,93,90,3.09
333,Blagoyevo,RU,2021-03-30 17:18:03,63.3667,47.9167,1.03,97,100,5.6
334,Old Saybrook,US,2021-03-30 17:15:07,41.2918,-72.3762,12.78,30,1,5.14
335,Velagici,BA,2021-03-30 17:18:03,44.5572,16.7317,18.0,45,0,0.71
336,Glendive,US,2021-03-30 17:18:04,47.1053,-104.7125,-5.0,49,90,12.35
337,Copiapo,CL,2021-03-30 17:18:04,-27.3667,-70.3333,17.0,67,75,5.14
338,Karaton,ID,2021-03-30 17:18:04,-6.3424,106.1045,27.22,89,20,3.6
339,Krasnoselkup,RU,2021-03-30 17:18:05,65.7,82.4667,-27.56,96,7,4.56
340,Saint-Joseph,RE,2021-03-30 17:18:05,-21.3667,55.6167,26.0,78,40,1.54
341,Araouane,ML,2021-03-30 17:18:05,18.9048,-3.5265,35.23,4,4,3.37
342,Oregon,US,2021-03-30 17:15:15,44.0001,-120.5014,2.78,51,1,1.14
343,Mayo,US,2021-03-30 17:18:06,38.8876,-76.5119,16.67,58,1,6.69
344,Plettenberg Bay,ZA,2021-03-30 17:18:06,-34.0527,23.3716,18.52,72,9,3.22
345,Najran,SA,2021-03-30 17:18:06,17.4924,44.1277,26.0,19,0,4.12
346,Barcelos,PT,2021-03-30 17:18:06,41.5388,-8.6151,21.11,60,0,1.54
347,La Ronge,CA,2021-03-30 17:18:07,55.1001,-105.2842,-13.0,56,96,3.6
348,Puerto Colombia,CO,2021-03-30 17:17:55,10.9878,-74.9547,32.0,58,20,6.17
349,Gandu,BR,2021-03-30 17:18:07,-13.7439,-39.4867,36.18,24,10,1.76
350,Brokopondo,SR,2021-03-30 17:18:07,4.75,-55.1667,28.92,67,90,4.1
351,Marsa Matruh,EG,2021-03-30 17:14:10,31.3525,27.2453,17.0,59,40,6.17
352,Canakkale,TR,2021-03-30 17:18:08,40.0833,26.8333,10.0,62,40,5.14
353,Gualeguaychu,AR,2021-03-30 17:17:16,-33.0094,-58.5172,22.22,68,0,1.79
354,Whitehorse,CA,2021-03-30 17:15:33,60.7161,-135.0538,-2.0,69,90,3.6
355,Sechura,PE,2021-03-30 17:18:08,-5.5569,-80.8222,27.13,56,20,3.12
356,Richards Bay,ZA,2021-03-30 17:17:45,-28.783,32.0377,20.63,85,38,3.67
357,Palencia,ES,2021-03-30 17:18:09,42.4167,-4.5,20.56,32,4,7.03
358,Macon,US,2021-03-30 17:18:09,39.8667,-88.9668,19.44,30,1,8.75
359,Moroni,KM,2021-03-30 17:18:09,-11.7022,43.2551,27.4,77,100,5.14
360,Kranjska Gora,SI,2021-03-30 17:18:10,46.4839,13.7894,15.56,38,0,0.91
361,Turiacu,BR,2021-03-30 17:18:10,-1.6633,-45.3717,28.13,78,96,3.04
362,Renqiu,CN,2021-03-30 17:18:10,38.6989,116.0936,14.27,38,38,3.3
363,Juneau,US,2021-03-30 17:15:07,58.3019,-134.4197,3.0,87,90,5.66
364,Rudbar,AF,2021-03-30 17:18:11,30.15,62.6,17.1,17,0,5.55
365,Tautira,PF,2021-03-30 17:18:11,-17.7333,-149.15,26.0,78,40,1.03
366,Majholi,IN,2021-03-30 17:18:11,23.5,79.9167,29.0,24,0,4.12
367,Puerto Escondido,MX,2021-03-30 17:18:11,15.85,-97.0667,30.0,74,1,4.12
368,Mahibadhoo,MV,2021-03-30 17:18:12,3.7833,72.9667,28.87,72,80,3.42
369,Susangerd,IR,2021-03-30 17:18:12,31.5608,48.1831,24.0,19,0,2.06
370,Vetluzhskiy,RU,2021-03-30 17:18:12,58.3902,45.4654,1.45,81,100,6.86
371,Havoysund,NO,2021-03-30 17:18:13,70.9963,24.6622,3.0,87,75,2.57
372,Nemuro,JP,2021-03-30 17:14:19,43.3236,145.575,3.74,84,100,4.1
373,Fairbanks,US,2021-03-30 17:15:43,64.8378,-147.7164,-2.22,80,90,0.86
374,Grindavik,IS,2021-03-30 17:14:47,63.8424,-22.4338,4.0,52,0,6.17
375,Seoul,KR,2021-03-30 17:16:00,37.5683,126.9778,6.0,81,0,2.57
376,Sabha,LY,2021-03-30 17:18:13,27.0377,14.4283,21.53,16,7,4.12
377,Carmelo,UY,2021-03-30 17:18:14,-33.9892,-58.2856,23.0,53,20,4.63
378,Cockburn Town,TC,2021-03-30 17:18:14,21.4612,-71.1419,25.51,78,2,10.06
379,Aguimes,ES,2021-03-30 17:18:14,27.9054,-15.4461,21.11,73,40,4.63
380,Muroto,JP,2021-03-30 17:18:15,33.2833,134.15,15.88,69,0,2.76
381,Bonito,BR,2021-03-30 17:18:15,-21.1211,-56.4819,31.23,41,23,2.49
382,Lodwar,KE,2021-03-30 17:18:15,3.1191,35.5973,33.31,28,55,4.64
383,Anloga,GH,2021-03-30 17:17:15,5.7947,0.8973,30.0,74,20,5.14
384,Santa Cruz,BO,2021-03-30 17:18:16,-17.8,-63.1667,28.0,53,75,6.69
385,San Juan,AR,2021-03-30 17:17:19,-31.5375,-68.5364,26.94,21,0,1.77
386,Chicama,PE,2021-03-30 17:18:16,-7.8447,-79.1469,21.0,83,40,4.63
387,Kasongo-Lunda,CD,2021-03-30 17:14:01,-6.4667,16.8167,23.14,91,73,1.26
388,Kavieng,PG,2021-03-30 17:18:17,-2.5744,150.7967,27.28,78,100,3.11
389,Oranmore,IE,2021-03-30 17:18:17,53.2683,-8.92,17.0,63,20,3.09
390,Biak,ID,2021-03-30 17:18:17,-0.9131,122.8766,24.94,81,71,1.3
391,Enkhuizen,NL,2021-03-30 17:18:18,52.7,5.2833,19.44,54,49,2.04
392,Viedma,AR,2021-03-30 17:18:18,-40.8135,-62.9967,27.27,20,3,5.38
393,Shebunino,RU,2021-03-30 17:18:18,46.4339,141.8603,3.51,93,13,4.95
394,Dombas,NO,2021-03-30 17:18:19,62.0696,9.1235,2.36,98,100,0.61
395,Emerald,AU,2021-03-30 17:18:19,-23.5333,148.1667,20.0,77,5,3.09
396,Ocampo,MX,2021-03-30 17:18:19,21.65,-101.5,26.11,24,45,3.0
397,Lompoc,US,2021-03-30 17:18:20,34.6391,-120.4579,15.56,71,0,1.54
398,Calvinia,ZA,2021-03-30 17:18:20,-31.4707,19.776,23.0,27,6,3.84
399,Olinda,BR,2021-03-30 17:18:07,-8.0089,-34.8553,28.0,69,40,4.63
400,Coquimbo,CL,2021-03-30 17:14:13,-29.9533,-71.3436,18.0,63,40,5.66
401,Upata,VE,2021-03-30 17:18:20,8.0086,-62.3989,32.22,60,100,2.68
402,Rudnaya Pristan,RU,2021-03-30 17:18:21,44.3614,135.8116,3.08,84,30,2.87
403,Beberibe,BR,2021-03-30 17:18:21,-4.1797,-38.1306,31.0,66,40,6.17
404,Fort Nelson,CA,2021-03-30 17:15:15,58.8053,-122.7002,-10.0,73,75,2.57
405,Acapulco,MX,2021-03-30 17:17:14,16.8634,-99.8901,30.0,58,20,2.57
406,Nelson Bay,AU,2021-03-30 17:18:21,-32.7167,152.15,16.67,94,75,2.57
407,Kutum,SD,2021-03-30 17:18:22,14.2,24.6667,23.3,11,0,5.82
408,Cap-Haitien,HT,2021-03-30 17:18:22,19.7578,-72.2042,26.07,74,11,9.85
409,Aripuana,BR,2021-03-30 17:18:22,-9.1667,-60.6333,30.26,67,89,0.24
410,Ust-Nera,RU,2021-03-30 17:18:23,64.5667,143.2,-14.51,97,100,1.96
411,Moose Factory,CA,2021-03-30 17:18:23,51.2585,-80.6094,9.0,57,90,6.69
412,Vallenar,CL,2021-03-30 17:18:23,-28.5708,-70.7581,27.39,27,4,2.93
413,Korla,CN,2021-03-30 17:18:24,41.7597,86.1469,3.26,92,100,6.88
414,Zaozerne,UA,2021-03-30 17:18:24,45.1582,33.2787,6.11,63,50,7.22
415,Leningradskiy,RU,2021-03-30 17:18:24,69.3833,178.4167,-19.03,88,100,6.45
416,Yarim,YE,2021-03-30 17:18:25,14.298,44.3779,15.95,49,21,0.33
417,Shitkino,RU,2021-03-30 17:18:25,56.3703,98.3543,-3.89,77,74,4.65
418,Ostrovnoy,RU,2021-03-30 17:14:14,68.0531,39.5131,1.15,96,99,6.63
419,Bilma,NE,2021-03-30 17:18:26,18.6853,12.9164,27.37,7,0,3.91
420,Eureka,US,2021-03-30 17:17:20,40.8021,-124.1637,10.56,61,1,2.06
421,Los Llanos De Aridane,ES,2021-03-30 17:18:26,28.6585,-17.9182,21.0,68,40,6.17
422,Soto La Marina,MX,2021-03-30 17:18:26,23.7667,-98.2167,28.33,56,64,7.15
423,Okhotsk,RU,2021-03-30 17:18:27,59.3833,143.3,-6.1,81,100,4.08
424,Szentlorinckata,HU,2021-03-30 17:18:27,47.5195,19.7529,16.0,63,0,2.57
425,Haverfordwest,GB,2021-03-30 17:18:27,51.8017,-4.9691,19.0,48,20,4.63
426,Itaperucu,BR,2021-03-30 17:18:27,-25.22,-49.3478,22.0,73,75,2.06
427,Belyy Yar,RU,2021-03-30 17:18:28,53.6039,91.3903,-3.0,68,0,3.0
428,Mengen,DE,2021-03-30 17:18:28,48.0495,9.3301,22.0,30,0,1.54
429,Kulhudhuffushi,MV,2021-03-30 17:18:28,6.6221,73.07,29.07,65,37,1.84
430,Mukhen,RU,2021-03-30 17:18:29,48.1,136.1,1.39,98,100,2.71
431,Deer Lake,CA,2021-03-30 17:18:20,49.1667,-57.4316,-5.0,58,75,6.17
432,Demirci,TR,2021-03-30 17:18:29,39.0461,28.6589,1.57,83,91,3.65
433,Kazan,RU,2021-03-30 17:18:29,55.7887,49.1221,-2.0,59,0,5.0
434,Belaya Gora,RU,2021-03-30 17:18:30,68.5333,146.4167,-24.23,100,99,0.47
435,Maturin,VE,2021-03-30 17:18:30,9.75,-63.1767,27.73,74,94,5.12
436,Lata,PT,2021-03-30 17:18:30,40.1629,-8.3327,24.44,35,95,3.53
437,Ambalavao,MG,2021-03-30 17:18:31,-21.8333,46.9333,17.74,91,27,1.99
438,Alghero,IT,2021-03-30 17:18:31,40.5589,8.3181,18.0,55,0,4.12
439,Nevers,FR,2021-03-30 17:18:31,46.9167,3.3333,23.0,31,0,2.57
440,Sioux Lookout,CA,2021-03-30 17:18:21,50.1001,-91.917,-5.0,54,90,8.75
441,Asau,RO,2021-03-30 17:18:32,46.4333,26.4,6.67,36,64,0.68
442,Storforshei,NO,2021-03-30 17:18:32,66.4043,14.5233,5.0,75,75,6.69
443,Buena Vista,US,2021-03-30 17:18:32,43.4203,-83.8986,19.0,32,1,12.35
444,Wajid,SO,2021-03-30 17:18:32,3.8093,43.2471,32.7,21,4,5.98
445,Mao,ES,2021-03-30 17:18:33,39.8885,4.2658,15.0,77,20,4.63
446,Zhaotong,CN,2021-03-30 17:18:33,27.3167,103.7167,14.52,45,0,1.31
447,Palana,RU,2021-03-30 17:18:33,59.1167,159.9667,-6.28,92,100,2.88
448,Lakselv,NO,2021-03-30 17:18:34,70.0513,24.9718,2.0,75,40,6.17
449,Jackson,US,2021-03-30 17:18:34,42.4165,-122.8345,6.67,56,1,0.26
450,Asfi,MA,2021-03-30 17:18:34,32.2994,-9.2372,18.84,66,4,4.81
451,Kodinsk,RU,2021-03-30 17:18:35,58.6881,99.1844,-5.91,89,100,4.52
452,Cherskiy,RU,2021-03-30 17:18:35,68.75,161.3,-25.96,99,27,2.22
453,San Pedro,PH,2021-03-30 17:18:35,14.35,121.0167,28.0,74,20,3.6
454,Rio Gallegos,AR,2021-03-30 17:18:35,-51.6226,-69.2181,14.0,35,0,8.75
455,Conceicao Do Araguaia,BR,2021-03-30 17:18:36,-8.2578,-49.2647,29.65,70,31,1.23
456,Shingu,JP,2021-03-30 17:14:50,33.7333,135.9833,12.05,81,1,2.99
457,Larsnes,NO,2021-03-30 17:18:36,62.2028,5.5773,5.56,87,75,1.54
458,College,US,2021-03-30 17:18:36,64.8569,-147.8028,-2.78,74,90,0.9
459,Mazyr,BY,2021-03-30 17:18:37,52.0495,29.2456,8.26,73,100,2.46
460,Kruisfontein,ZA,2021-03-30 17:18:37,-34.0033,24.7314,20.56,64,42,1.79
461,Nanakuli,US,2021-03-30 17:18:37,21.3906,-158.1547,23.0,83,20,2.06
462,Kristianstad,SE,2021-03-30 17:18:38,56.0313,14.1524,16.0,67,91,5.66
463,Bud,US,2021-03-30 17:18:38,39.447,-86.1758,20.0,36,1,6.69
464,Ulsteinvik,NO,2021-03-30 17:18:38,62.3432,5.8487,5.0,87,75,1.54
465,Aloleng,PH,2021-03-30 17:18:39,16.1307,119.7824,27.22,74,94,3.06
466,Alugan,PH,2021-03-30 17:18:39,12.2188,125.4808,26.25,86,100,2.25
467,Mandalgovi,MN,2021-03-30 17:18:39,45.7625,106.2708,2.24,41,100,2.62
468,Micomeseng,GQ,2021-03-30 17:18:39,2.1462,10.6164,22.33,95,60,2.9
469,Mehran,IR,2021-03-30 17:18:40,33.1222,46.1646,13.0,28,40,2.06
470,Yumen,CN,2021-03-30 17:18:40,40.2833,97.2,2.63,94,100,0.34
471,Fuerte Olimpo,PY,2021-03-30 17:18:40,-21.0415,-57.8738,32.42,39,13,2.3
472,Mango,US,2021-03-30 17:18:41,27.9797,-82.3065,30.56,58,75,3.09
473,Port Hardy,CA,2021-03-30 17:18:41,50.6996,-127.4199,7.0,76,75,1.54
474,Kloulklubed,PW,2021-03-30 17:18:41,7.0419,134.2556,25.0,94,75,1.54
475,Honiara,SB,2021-03-30 17:18:42,-9.4333,159.95,24.79,86,58,1.83
476,Hanumangarh,IN,2021-03-30 17:18:42,29.5833,74.3167,24.73,9,0,4.09
477,Boddam,GB,2021-03-30 17:18:42,57.4667,-1.7833,14.44,72,100,6.17
478,Salalah,OM,2021-03-30 17:18:42,17.0151,54.0924,29.0,61,0,0.51
479,Point Pedro,LK,2021-03-30 17:18:43,9.8167,80.2333,27.26,75,85,4.65
480,Heishan,CN,2021-03-30 17:18:43,41.6892,122.1128,8.43,40,100,4.74
481,Lensk,RU,2021-03-30 17:18:43,60.7253,114.9278,-5.18,97,88,2.0
482,Kavaratti,IN,2021-03-30 17:18:44,10.5669,72.642,29.25,71,99,5.14
483,Kimberley,ZA,2021-03-30 17:15:14,-28.7323,24.7623,21.0,52,0,3.6
484,Bielsk Podlaski,PL,2021-03-30 17:18:44,52.7651,23.1865,11.11,81,100,0.45
485,Mindelo,CV,2021-03-30 17:18:44,16.8901,-24.9804,24.0,53,40,9.26
486,Sao Felix Do Xingu,BR,2021-03-30 17:16:29,-6.6447,-51.995,31.43,57,33,1.26
487,Borgarnes,IS,2021-03-30 17:18:45,64.5383,-21.9206,4.44,54,1,3.13
488,Vincennes,FR,2021-03-30 17:18:45,48.85,2.4333,23.0,33,0,2.57
489,Sao Francisco,BR,2021-03-30 17:18:45,-15.9486,-44.8644,35.8,23,7,2.87
490,Placido De Castro,BR,2021-03-30 17:18:46,-10.3353,-67.1856,29.32,72,89,1.73
491,Necocli,CO,2021-03-30 17:16:06,8.4234,-76.786,29.93,71,62,2.06
492,El Rodeo,GT,2021-03-30 17:18:46,14.9167,-91.9667,26.67,64,0,3.14
493,Kambja,EE,2021-03-30 17:18:46,58.2335,26.696,9.44,93,90,6.69
494,Bastia,FR,2021-03-30 17:18:47,42.6667,9.3333,18.0,59,0,2.57
495,Conroe,US,2021-03-30 17:16:40,30.3119,-95.456,27.0,65,90,6.69
496,Gizo,SB,2021-03-30 17:18:47,-8.103,156.8419,27.8,76,100,2.22
497,Malaya Purga,RU,2021-03-30 17:18:47,56.5567,53.0043,-2.89,93,17,3.3
498,Mareeba,AU,2021-03-30 17:18:48,-17.0,145.4333,26.0,69,75,6.69
499,Bathsheba,BB,2021-03-30 17:18:48,13.2167,-59.5167,29.0,58,40,11.83
500,Ust-Koksa,RU,2021-03-30 17:18:48,50.2696,85.6108,-10.39,84,90,0.73
501,Saint-Georges,GD,2021-03-30 17:15:40,12.0564,-61.7485,30.0,66,20,9.26
502,Lavrentiya,RU,2021-03-30 17:18:48,65.5833,-171.0,-15.72,84,100,2.81
503,Chimbote,PE,2021-03-30 17:18:49,-9.0853,-78.5783,24.06,71,96,4.69
504,Camacha,PT,2021-03-30 17:18:49,33.0833,-16.3333,19.0,72,20,2.57
505,Koper,SI,2021-03-30 17:18:49,45.5469,13.7294,18.0,63,0,0.21
506,Ilembo,TZ,2021-03-30 17:18:50,-9.25,33.3833,13.3,98,100,2.08
507,Ende,ID,2021-03-30 17:14:33,-8.8432,121.6623,25.52,88,87,2.92
508,Tigil,RU,2021-03-30 17:18:50,57.8,158.6667,-4.99,83,99,3.63
509,Karatau,KZ,2021-03-30 17:18:50,43.1667,70.4667,3.23,76,75,1.71
510,Santa Maria,BR,2021-03-30 17:18:51,-29.6842,-53.8069,25.0,61,75,2.06
511,Dunedin,NZ,2021-03-30 17:18:51,-45.8742,170.5036,12.22,90,97,0.89
512,Saint-Louis,SN,2021-03-30 17:18:51,16.3333,-15.0,41.0,15,0,1.03
513,Hamilton,US,2021-03-30 17:15:36,39.1834,-84.5333,20.0,30,1,9.26
514,Varhaug,NO,2021-03-30 17:18:52,58.6147,5.6457,8.89,93,84,2.86
515,Pemangkat,ID,2021-03-30 17:18:52,1.1667,108.9667,26.21,82,89,1.17
516,Djibo,BF,2021-03-30 17:18:52,14.1022,-1.6306,37.09,8,3,4.37
517,Talaya,RU,2021-03-30 17:18:52,61.3833,152.75,-8.45,96,100,1.15
518,Gaoual,GN,2021-03-30 17:18:53,11.75,-13.2,39.61,15,0,4.07
519,Marzuq,YE,2021-03-30 17:18:53,14.4,46.4667,22.76,28,29,3.32
520,Hohhot,CN,2021-03-30 17:18:53,40.8106,111.6522,8.0,31,0,3.0
521,Padang,ID,2021-03-30 17:18:54,-0.9492,100.3543,24.0,94,40,1.54
522,Santa Rosalia,MX,2021-03-30 17:18:54,27.3167,-112.2833,24.37,24,14,0.81
523,Giyani,ZA,2021-03-30 17:18:54,-23.3025,30.7187,22.9,57,82,2.66
524,Belmonte,BR,2021-03-30 17:18:55,-15.8631,-38.8828,30.0,54,40,8.23
525,Nara,JP,2021-03-30 17:18:55,34.6851,135.8049,12.22,46,0,1.31
526,Lachhmangarh,IN,2021-03-30 17:18:55,27.8214,75.0251,25.6,5,3,3.75
527,Badarwas,IN,2021-03-30 17:18:55,24.9667,77.5667,28.04,10,1,3.98
528,Jumla,NP,2021-03-30 17:18:56,29.2747,82.1838,9.89,48,98,2.22
529,Bullhead City,US,2021-03-30 17:17:19,35.1478,-114.5683,18.89,27,1,14.4
530,Christchurch,NZ,2021-03-30 17:15:11,-43.5333,172.6333,14.44,88,90,0.51
531,Broome,US,2021-03-30 17:18:56,42.2506,-75.833,16.11,33,1,6.69
532,Guasdualito,VE,2021-03-30 17:18:57,7.2424,-70.7324,30.43,54,100,3.03
533,Aswan,EG,2021-03-30 17:18:57,24.0934,32.907,21.96,16,0,5.33
534,Punta Alta,AR,2021-03-30 17:18:57,-38.8759,-62.0736,24.13,32,2,1.67
535,Jacksonville,US,2021-03-30 17:15:18,30.3322,-81.6556,22.78,94,75,2.57
536,Aranos,NA,2021-03-30 17:18:58,-24.1333,19.1167,22.72,41,100,2.66
537,Newton,US,2021-03-30 17:18:58,42.337,-71.2092,15.56,24,1,6.17
538,Stevens Point,US,2021-03-30 17:16:23,44.5236,-89.5746,9.0,31,1,5.14
539,Nagai,JP,2021-03-30 17:18:59,38.1036,140.035,11.67,80,100,1.86
540,Carei,RO,2021-03-30 17:18:59,47.6833,22.4667,12.0,62,90,1.54
541,Nehe,CN,2021-03-30 17:18:59,48.4833,124.8333,3.07,56,95,3.04
542,Makaryev,RU,2021-03-30 17:18:59,57.8797,43.8069,1.66,77,100,7.69
543,Yerbogachen,RU,2021-03-30 17:19:00,61.2767,108.0108,-11.29,96,100,1.39
